{"epochs": [1, 2, 3, 4, 5, 6, 7, 8, 9, 10, 11, 12, 13, 14, 15, 16, 17, 18, 19, 20, 21, 22, 23, 24, 25, 26, 27, 28, 29, 30], "times": [21.447667837142944, 41.440263748168945, 61.63331842422485, 81.58762431144714, 101.60226559638977, 123.0541124343872, 143.08554244041443, 163.11600279808044, 183.66187500953674, 203.6948046684265, 223.69248914718628, 245.19552779197693, 265.2205536365509, 285.24648785591125, 305.8062014579773, 325.813193321228, 345.8300497531891, 367.3003988265991, 387.3566188812256, 407.4178581237793, 427.7253746986389, 447.7900388240814, 467.85689330101013, 488.69956707954407, 508.7974364757538, 528.9104337692261, 550.199060678482, 570.3312175273895, 590.4602754116058, 611.0502984523773], "accuracies": [85.82513829133374, 88.4181007990166, 87.22341733251383, 88.00322679778733, 87.8380454824831, 87.21957590657652, 88.01859250153657, 88.02243392747388, 88.18377381684081, 87.96097111247695, 88.35663798401967, 88.56023355869699, 88.21066379840197, 88.01859250153657, 88.60248924400737, 88.11078672403197, 88.26828518746159, 88.16072526121697, 88.16840811309157, 88.30285802089736, 88.59864781807006, 88.4257836508912, 87.91487400122925, 88.75230485556239, 88.39121081745544, 88.23371235402581, 88.52181929932391, 88.52950215119853, 88.34895513214505, 88.34127228027043]}