{"epochs": [1, 2, 3, 4, 5, 6, 7, 8, 9, 10, 11, 12, 13, 14, 15, 16, 17, 18, 19, 20, 21, 22, 23, 24, 25, 26, 27, 28, 29, 30], "times": [24.12285089492798, 45.899474143981934, 67.09794473648071, 88.05023169517517, 108.93294930458069, 129.82084584236145, 150.74815797805786, 171.70475888252258, 192.6252691745758, 213.54899978637695, 234.5555384159088, 255.4945890903473, 276.45569372177124, 297.42311334609985, 318.3889513015747, 339.3853271007538, 360.3349826335907, 381.25294971466064, 402.1609523296356, 423.01105308532715, 444.8181345462799, 465.7827498912811, 486.5645389556885, 507.37988233566284, 528.3024744987488, 549.1786744594574, 570.1527121067047, 591.0579733848572, 612.0235102176666, 634.4200038909912], "accuracies": [83.78149969268593, 85.97495390288876, 86.88921327596803, 86.68561770129072, 87.3540258143823, 87.02750460971113, 86.84311616472034, 85.9519053472649, 85.83282114320836, 86.54732636754764, 86.79701905347265, 86.240012292563, 86.21696373693915, 86.53580208973571, 86.5319606637984, 86.04409956976029, 86.38214505224339, 86.7240319606638, 86.05562384757222, 86.38214505224339, 86.38214505224339, 85.9480639213276, 86.46665642286416, 86.70866625691457, 86.40135218192994, 86.54348494161033, 86.94683466502765, 86.75860479409957, 86.70098340503995, 86.5818992009834]}