{"epochs": [1, 2, 3, 4, 5, 6, 7, 8, 9, 10, 11, 12, 13, 14, 15, 16, 17, 18, 19, 20, 21, 22, 23, 24, 25, 26, 27, 28, 29, 30], "times": [11.461197137832642, 22.93506693840027, 34.38180422782898, 45.86193895339966, 57.570024251937866, 69.27891778945923, 80.96549415588379, 92.44787526130676, 103.91481566429138, 115.38518476486206, 126.8506281375885, 138.31517148017883, 149.78083157539368, 161.26410555839539, 172.73854303359985, 184.20538306236267, 195.67165303230286, 207.14856100082397, 218.61744904518127, 230.08757042884827, 241.56646728515625, 253.06026148796082, 264.5516471862793, 276.0409150123596, 287.53010511398315, 299.0229871273041, 310.50714111328125, 321.9891815185547, 333.4726300239563, 344.9539475440979], "accuracies": [95.72, 96.88, 97.43, 97.57, 97.66, 97.78, 97.74, 97.86, 98.01, 98.04, 98.12, 98.18, 98.21, 98.2, 98.21, 98.27, 98.28, 98.26, 98.28, 98.3, 98.32, 98.31, 98.29, 98.29, 98.29, 98.29, 98.29, 98.28, 98.29, 98.31]}