{"epochs": [1, 2, 3, 4, 5, 6, 7, 8, 9, 10, 11, 12, 13, 14, 15, 16, 17, 18, 19, 20, 21, 22, 23, 24, 25, 26, 27, 28, 29, 30], "times": [20.53110098838806, 39.814340353012085, 58.94950270652771, 78.13556790351868, 97.30666923522949, 116.48635864257812, 135.65652656555176, 154.8162395954132, 174.11120343208313, 194.09140849113464, 213.87485671043396, 233.09053826332092, 252.24100613594055, 271.4275584220886, 290.9477541446686, 310.12967228889465, 330.18291425704956, 349.38959789276123, 368.6033296585083, 387.77363300323486, 406.96484208106995, 426.1728849411011, 445.3645598888397, 464.55234384536743, 483.7669470310211, 502.98366141319275, 522.1755995750427, 541.3963935375214, 560.6806704998016, 579.9084403514862], "accuracies": [38.09926244622004, 77.96558082360173, 80.49323909035034, 82.61370620774431, 82.76352181929933, 83.22833435771358, 82.77504609711124, 84.6880762138906, 84.63429625076829, 84.12722802704364, 84.21173939766442, 84.44606637984019, 83.64320835894284, 84.57283343577136, 84.13875230485556, 84.38076213890596, 83.85064535955746, 84.21558082360173, 83.99277811923785, 84.07344806392133, 83.72771972956362, 84.55362630608482, 84.11570374923171, 84.34234787953288, 84.46143208358943, 82.88260602335588, 84.24631223110019, 84.6419791026429, 83.72387830362631, 84.42301782421634]}