{"epochs": [1, 2, 3, 4, 5, 6, 7, 8, 9, 10, 11, 12, 13, 14, 15, 16, 17, 18, 19, 20, 21, 22, 23, 24, 25, 26, 27, 28, 29, 30], "times": [21.623770236968994, 41.81265377998352, 62.06451439857483, 82.34632468223572, 103.38504838943481, 123.65542602539062, 143.91640782356262, 164.36945366859436, 184.63378143310547, 204.87324333190918, 225.55225682258606, 245.7799370288849, 266.04210233688354, 286.53078508377075, 306.79520058631897, 327.0176782608032, 348.74003982543945, 369.74794268608093, 390.00954508781433, 410.5349509716034, 430.78404903411865, 451.0547287464142, 471.5554373264313, 491.82319808006287, 512.0921678543091, 532.4847731590271, 552.6882076263428, 572.9252696037292, 594.0904982089996, 614.3291966915131], "accuracies": [19.587430854333128, 19.587430854333128, 19.587430854333128, 19.587430854333128, 19.587430854333128, 19.587430854333128, 19.587430854333128, 19.587430854333128, 19.587430854333128, 19.587430854333128, 19.587430854333128, 15.938076213890596, 19.587430854333128, 19.587430854333128, 19.587430854333128, 19.587430854333128, 19.587430854333128, 19.587430854333128, 19.587430854333128, 19.587430854333128, 19.587430854333128, 19.587430854333128, 19.587430854333128, 19.587430854333128, 19.587430854333128, 19.587430854333128, 19.587430854333128, 19.587430854333128, 19.587430854333128, 19.587430854333128]}