{"epochs": [1, 2, 3, 4, 5, 6, 7, 8, 9, 10, 11, 12, 13, 14, 15, 16, 17, 18, 19, 20, 21, 22, 23, 24, 25, 26, 27, 28, 29, 30], "times": [20.74147939682007, 40.06171751022339, 59.40047597885132, 79.35045504570007, 98.72149014472961, 118.02848649024963, 137.35836601257324, 156.72271275520325, 176.07934308052063, 195.42241787910461, 214.78246903419495, 234.1741406917572, 253.50699043273926, 273.2320132255554, 293.37606739997864, 313.0450632572174, 333.8688385486603, 353.45037031173706, 372.7946298122406, 392.1440784931183, 411.44212341308594, 430.825808763504, 450.179279088974, 469.54634046554565, 488.90881538391113, 508.2436444759369, 527.6324777603149, 546.9780356884003, 566.3345186710358, 585.696346282959], "accuracies": [19.587430854333128, 19.587430854333128, 19.595113706207744, 21.857713583282113, 24.300860479409955, 30.781346035648433, 40.81899200983405, 47.656730178242164, 51.59035033804548, 56.999078057775044, 62.9379225568531, 64.78564843269822, 66.69867854947756, 70.36339889366933, 74.69652735095268, 75.96419791026429, 76.87077443146896, 78.50338045482484, 80.07836508912108, 80.34342347879533, 80.58543331284572, 81.04256299938537, 81.41133988936693, 81.76090964966195, 82.08743085433314, 81.7839582052858, 82.52151198524892, 82.50230485556239, 82.89413030116779, 82.60218192993239]}