{"epochs": [1, 2, 3, 4, 5, 6, 7, 8, 9, 10, 11, 12, 13, 14, 15, 16, 17, 18, 19, 20, 21, 22, 23, 24, 25, 26, 27, 28, 29, 30], "times": [18.48947834968567, 38.09018421173096, 56.767319679260254, 75.24150705337524, 94.73887205123901, 112.6963939666748, 131.3269557952881, 149.28264904022217, 167.2833149433136, 185.220294713974, 203.20432448387146, 221.43207502365112, 239.373384475708, 257.34009408950806, 275.31983947753906, 293.280424118042, 311.2535367012024, 329.2490451335907, 347.5314402580261, 365.5193088054657, 383.4809386730194, 401.4634339809418, 419.4187488555908, 437.38894152641296, 455.3769533634186, 473.3378849029541, 491.3302147388458, 509.3391098976135, 528.7602300643921, 546.710348367691], "accuracies": [66.10709895513214, 72.4262446220037, 77.59296250768286, 73.89366933005532, 76.73632452366319, 73.33666256914567, 72.12277197295636, 77.12814996926859, 77.3778426551936, 78.18454210202827, 73.56330669944684, 78.58020897357099, 75.32267977873387, 80.06299938537185, 80.40872771972957, 78.05393362015981, 78.67240319606638, 77.54302397049784, 79.41763982790411, 78.64167178856792, 79.39459127228027, 79.5059926244622, 78.63014751075599, 78.91825445605409, 77.78503380454825, 78.61478180700676, 80.27811923786109, 80.17824216349109, 78.91441303011678, 77.96173939766442]}