{"epochs": [1, 2, 3, 4, 5, 6, 7, 8, 9, 10, 11, 12, 13, 14, 15, 16, 17, 18, 19, 20, 21, 22, 23, 24, 25, 26, 27, 28, 29, 30], "times": [22.22298550605774, 41.423460483551025, 60.6232967376709, 79.89005970954895, 99.82678627967834, 119.84591341018677, 139.05603456497192, 158.22535157203674, 177.47403240203857, 196.70824265480042, 215.9326469898224, 235.13904118537903, 256.0077121257782, 275.2265064716339, 294.4242887496948, 313.90466141700745, 333.14527559280396, 352.35343074798584, 371.6382598876953, 390.8613865375519, 410.1140959262848, 429.3628339767456, 448.6014070510864, 467.8694269657135, 487.1818108558655, 506.4882562160492, 525.7490234375, 545.0336441993713, 565.0046620368958, 584.2917244434357], "accuracies": [35.96727105101414, 77.48156115550093, 80.29348494161033, 82.5560848186847, 83.16687154271666, 82.90949600491703, 83.06315304240934, 84.32314074984635, 84.3077750460971, 84.58819913952058, 84.25015365703749, 84.4422249539029, 84.01582667486171, 84.28856791641057, 84.0580823601721, 84.35387215734481, 83.85832821143208, 83.85064535955746, 84.0081438229871, 83.78918254456055, 83.9620467117394, 84.72649047326368, 83.90442532267978, 84.58435771358329, 83.30900430239706, 84.26167793484942, 83.36278426551937, 84.50368776889981, 84.80716041794714, 83.9159496004917]}