{"epochs": [1, 2, 3, 4, 5, 6, 7, 8, 9, 10, 11, 12, 13, 14, 15, 16, 17, 18, 19, 20, 21, 22, 23, 24, 25, 26, 27, 28, 29, 30], "times": [22.41846776008606, 42.92665719985962, 63.40444898605347, 84.49904894828796, 104.99085688591003, 125.52338004112244, 146.0860447883606, 166.64647436141968, 187.15526795387268, 209.1604471206665, 229.64831566810608, 250.04575967788696, 270.51023054122925, 290.92617559432983, 312.1984910964966, 333.40578389167786, 353.80993723869324, 374.214075088501, 396.1195774078369, 416.5425567626953, 436.96382308006287, 457.605881690979, 478.0477409362793, 498.46445178985596, 519.5446724891663, 539.9924230575562, 560.3577647209167, 581.1226651668549, 601.5842082500458, 622.0412781238556], "accuracies": [80.07836508912108, 83.37430854333128, 84.40765212046712, 82.15657652120467, 84.18484941610326, 84.01582667486171, 83.01705593116165, 83.35894283958206, 83.45113706207745, 83.18223724646589, 83.15918869084204, 83.18223724646589, 82.91333743085433, 83.78918254456055, 82.30255070682237, 82.88260602335588, 81.8799938537185, 82.81346035648433, 81.72633681622618, 82.0720651505839, 82.80961893054702, 81.49200983405039, 82.25261216963737, 82.0720651505839, 82.20267363245236, 82.44084204056546, 81.98755377996312, 82.27950215119853, 81.69944683466503, 81.5918869084204]}