{"epochs": [1, 2, 3, 4, 5, 6, 7, 8, 9, 10, 11, 12, 13, 14, 15, 16, 17, 18, 19, 20, 21, 22, 23, 24, 25, 26, 27, 28, 29, 30], "times": [22.259965658187866, 43.175116777420044, 63.559956312179565, 83.92174243927002, 105.76376914978027, 126.0922839641571, 146.46112489700317, 167.0666663646698, 187.41486263275146, 207.8231611251831, 228.18633770942688, 248.55330872535706, 268.9258990287781, 289.27316427230835, 309.67412972450256, 330.0487771034241, 351.07926535606384, 372.2693727016449, 393.23715257644653, 414.5875380039215, 434.9687750339508, 455.3616759777069, 476.3477530479431, 496.714234828949, 517.0778996944427, 538.1278975009918, 558.5091457366943, 578.8632786273956, 599.2209763526917, 619.5840651988983], "accuracies": [19.587430854333128, 19.587430854333128, 19.587430854333128, 19.587430854333128, 19.587430854333128, 19.587430854333128, 19.587430854333128, 19.587430854333128, 15.938076213890596, 19.587430854333128, 19.587430854333128, 15.938076213890596, 19.587430854333128, 19.587430854333128, 19.587430854333128, 19.587430854333128, 19.587430854333128, 19.587430854333128, 19.587430854333128, 19.587430854333128, 19.587430854333128, 19.587430854333128, 19.587430854333128, 19.587430854333128, 19.587430854333128, 19.587430854333128, 19.587430854333128, 19.587430854333128, 19.587430854333128, 19.587430854333128]}