{"epochs": [1, 2, 3, 4, 5, 6, 7, 8, 9, 10, 11, 12, 13, 14, 15, 16, 17, 18, 19, 20, 21, 22, 23, 24, 25, 26, 27, 28, 29, 30], "times": [14.290577411651611, 24.99454116821289, 36.548141956329346, 47.24436712265015, 58.10479736328125, 68.79880046844482, 79.51780152320862, 90.18102264404297, 100.86426186561584, 111.57484889030457, 122.2682592868805, 132.95175218582153, 143.653644323349, 154.37302803993225, 165.07951283454895, 175.77611827850342, 186.48548030853271, 197.1715829372406, 207.87905383110046, 219.43523645401, 230.0878779888153, 242.33063006401062, 253.04329204559326, 263.741681098938, 274.4487581253052, 285.24004340171814, 295.93897700309753, 306.63890624046326, 317.35765767097473, 328.0736119747162], "accuracies": [96.13, 96.31, 97.0, 97.57, 97.38, 97.77, 98.14, 98.13, 98.09, 98.38, 98.22, 98.25, 98.32, 98.27, 98.31, 98.27, 98.29, 98.31, 98.3, 98.31, 98.31, 98.28, 98.31, 98.27, 98.3, 98.33, 98.29, 98.3, 98.28, 98.29]}