{"epochs": [1, 2, 3, 4, 5, 6, 7, 8, 9, 10, 11, 12, 13, 14, 15, 16, 17, 18, 19, 20, 21, 22, 23, 24, 25, 26, 27, 28, 29, 30], "times": [21.460043907165527, 41.56186556816101, 61.68748378753662, 81.79967379570007, 101.9176344871521, 122.0640778541565, 142.15813279151917, 162.22820568084717, 182.33421444892883, 202.43046236038208, 222.81107187271118, 242.9574418067932, 263.0454525947571, 284.02035903930664, 304.1921212673187, 324.352810382843, 344.8015441894531, 364.911452293396, 385.06149339675903, 406.8653061389923, 427.66626715660095, 448.84876585006714, 468.96636629104614, 489.0793147087097, 509.9048659801483, 530.0566854476929, 550.1534421443939, 570.9349167346954, 591.5593636035919, 611.6986012458801], "accuracies": [75.53011677934849, 79.5520897357099, 81.71097111247695, 76.22925629993854, 82.37169637369392, 80.60464044253227, 82.0759065765212, 81.80316533497235, 81.9299323909035, 82.8019360786724, 81.77243392747388, 80.95036877688999, 81.51121696373694, 82.73663183773817, 80.55086047940996, 81.85694529809466, 80.16671788567916, 81.43438844499079, 81.68023970497849, 80.71220036877689, 81.77627535341118, 81.57267977873387, 79.69422249539029, 78.17301782421634, 81.4459127228027, 81.1539643515673, 81.38829133374308, 79.86324523663184, 79.7019053472649, 76.04486785494775]}