{"epochs": [1, 2, 3, 4, 5, 6, 7, 8, 9, 10, 11, 12, 13, 14, 15, 16, 17, 18, 19, 20, 21, 22, 23, 24, 25, 26, 27, 28, 29, 30], "times": [22.21766948699951, 42.795464515686035, 63.374852418899536, 84.04160451889038, 104.70994877815247, 125.30080127716064, 145.9212281703949, 166.53573274612427, 187.74921369552612, 208.33931684494019, 229.03863525390625, 249.65328812599182, 270.6118993759155, 291.2980146408081, 311.9282422065735, 333.2929792404175, 353.8871703147888, 374.58720088005066, 395.99345326423645, 417.09002900123596, 437.6793029308319, 458.9982817173004, 479.6829090118408, 500.3567941188812, 521.8364148139954, 542.4805998802185, 563.0872447490692, 583.762099981308, 604.4165935516357, 625.0161907672882], "accuracies": [84.30393362015981, 87.36170866625692, 87.89950829748003, 88.15688383527966, 88.20682237246466, 88.31054087277197, 88.6140135218193, 88.13383527965581, 88.38352796558083, 88.09926244622004, 87.75353411186232, 88.3220651505839, 88.28749231714812, 88.11462814996926, 88.18761524277812, 88.0762138905962, 88.33358942839583, 88.36816226183159, 88.2298709280885, 88.2721266133989, 88.4680393362016, 88.4680393362016, 88.4257836508912, 88.2721266133989, 88.03779963122311, 88.10310387215735, 88.2721266133989, 88.42194222495391, 88.39889366933005, 88.24139520590043]}