{"epochs": [1, 2, 3, 4, 5, 6, 7, 8, 9, 10, 11, 12, 13, 14, 15, 16, 17, 18, 19, 20, 21, 22, 23, 24, 25, 26, 27, 28, 29, 30], "times": [22.013874292373657, 42.773823499679565, 63.52061343193054, 84.284583568573, 104.9965398311615, 125.75296354293823, 146.50576639175415, 167.2282371520996, 187.97241640090942, 208.73861002922058, 229.47360610961914, 250.16131734848022, 270.8713867664337, 291.6873652935028, 312.51135540008545, 333.94636607170105, 354.7169909477234, 375.55138325691223, 396.328759431839, 417.10750699043274, 437.84105491638184, 458.6068825721741, 480.1916010379791, 501.73241567611694, 522.4826235771179, 543.2935538291931, 564.1146051883698, 584.8795938491821, 605.6821551322937, 626.4657225608826], "accuracies": [19.587430854333128, 19.587430854333128, 19.587430854333128, 19.587430854333128, 19.587430854333128, 19.587430854333128, 19.587430854333128, 19.587430854333128, 19.587430854333128, 19.587430854333128, 19.587430854333128, 19.587430854333128, 19.587430854333128, 19.587430854333128, 19.587430854333128, 19.587430854333128, 19.587430854333128, 19.587430854333128, 19.587430854333128, 19.587430854333128, 19.587430854333128, 19.587430854333128, 19.587430854333128, 19.587430854333128, 19.587430854333128, 19.587430854333128, 19.587430854333128, 19.587430854333128, 19.587430854333128, 19.587430854333128]}