{"epochs": [1, 2, 3, 4, 5, 6, 7, 8, 9, 10, 11, 12, 13, 14, 15, 16, 17, 18, 19, 20, 21, 22, 23, 24, 25, 26, 27, 28, 29, 30], "times": [20.595784425735474, 39.859880447387695, 59.050896883010864, 78.27296042442322, 97.50347518920898, 116.71585249900818, 135.95306730270386, 155.1968538761139, 174.4180989265442, 193.6348798274994, 212.85570287704468, 232.18104696273804, 252.14980340003967, 271.4087677001953, 290.70788645744324, 309.9709007740021, 329.21270775794983, 348.4629707336426, 367.7571222782135, 387.0715401172638, 406.3867826461792, 426.7447974681854, 446.04883551597595, 465.27829599380493, 484.5180377960205, 504.6022205352783, 524.675954580307, 544.1058468818665, 563.3743894100189, 582.6182272434235], "accuracies": [83.60863552550707, 86.38214505224339, 87.88030116779349, 87.57682851874615, 88.64858635525508, 87.32713583282114, 86.52427781192378, 87.29256299938537, 87.80731407498463, 87.26567301782421, 88.01859250153657, 87.56530424093424, 88.23371235402581, 88.19913952059004, 88.36432083589429, 88.53334357713584, 88.86754763368162, 86.9660417947142, 88.39889366933005, 88.63706207744315, 87.90719114935465, 88.29133374308543, 88.49492931776275, 88.92132759680393, 88.04164105716042, 87.97633681622618, 87.61140135218193, 88.34511370620774, 88.2721266133989, 88.52566072526122]}