{"epochs": [1, 2, 3, 4, 5, 6, 7, 8, 9, 10, 11, 12, 13, 14, 15, 16, 17, 18, 19, 20, 21, 22, 23, 24, 25, 26, 27, 28, 29, 30], "times": [20.683409690856934, 40.0794403553009, 59.46617317199707, 78.85389614105225, 98.26373529434204, 117.67091178894043, 138.05015325546265, 157.47856998443604, 176.90013122558594, 196.28040957450867, 215.66390419006348, 235.05182671546936, 255.31625723838806, 275.41141724586487, 296.22709369659424, 316.2294044494629, 335.5985963344574, 354.97743916511536, 374.3724229335785, 393.8105809688568, 413.85959219932556, 433.31092977523804, 452.7422914505005, 472.16288113594055, 491.56434392929077, 510.98999309539795, 530.3985080718994, 549.8228371143341, 569.2481968402863, 588.6548867225647], "accuracies": [24.865550092194223, 44.28779963122311, 69.74108789182544, 77.3740012292563, 80.5278119237861, 81.27304855562384, 80.85049170251997, 83.41272280270437, 83.56253841425938, 82.68669330055316, 84.15795943454211, 83.41272280270437, 83.64320835894284, 83.60479409956976, 84.07344806392133, 83.65089121081745, 83.55485556238476, 83.80070682237246, 83.53564843269822, 83.98893669330056, 83.36662569145666, 82.86339889366933, 83.17455439459127, 83.06315304240934, 83.4780270436386, 82.62138905961893, 83.70082974800246, 83.24754148740013, 83.81223110018439, 81.61877688998156]}