{"epochs": [1, 2, 3, 4, 5, 6, 7, 8, 9, 10, 11, 12, 13, 14, 15, 16, 17, 18, 19, 20, 21, 22, 23, 24, 25, 26, 27, 28, 29, 30], "times": [21.239641666412354, 40.98643183708191, 60.72302603721619, 80.46117615699768, 100.2421543598175, 119.98135757446289, 139.7065029144287, 159.47455668449402, 179.21019530296326, 198.97746992111206, 218.71047282218933, 238.45803213119507, 258.20291471481323, 277.9308590888977, 297.6838436126709, 317.43876671791077, 337.2407224178314, 359.5153169631958, 379.3062891960144, 399.0731363296509, 420.35775780677795, 440.1100344657898, 459.80668902397156, 479.5584638118744, 499.32126569747925, 519.0521378517151, 538.7773501873016, 558.5697445869446, 578.3325610160828, 598.0601758956909], "accuracies": [86.43976644130301, 88.84065765212047, 87.87261831591887, 87.79578979717272, 88.84834050399509, 88.15304240934235, 88.14535955746773, 88.28749231714812, 88.01475107559926, 88.46035648432698, 87.91487400122925, 88.35663798401967, 88.35279655808236, 87.75353411186232, 88.09157959434542, 88.38352796558083, 87.89566687154272, 88.58328211432084, 88.37968653964352, 88.3259065765212, 87.88414259373079, 88.02627535341118, 88.9021204671174, 88.18761524277812, 88.14151813153042, 88.31054087277197, 88.66011063306699, 87.83036263060848, 88.33358942839583, 88.06468961278426]}