{"train_losses": [0.0175109334976636, 0.01750130019525164, 0.01749917397486782, 0.01749981517331685, 0.017498157416133746, 0.017500088900510344, 0.01749566179780072, 0.0174976221240006, 0.017497366270796434, 0.01749790943568635, 0.017497541128011437, 0.017496544184451013, 0.01749503507884524, 0.017496318549744833, 0.01749624807571625, 0.017497776503586165, 0.01749565592984683, 0.01749655877459926, 0.017495837510962408, 0.017495391777539827], "test_losses": [2.2243323838996534, 2.2244143682384903, 2.2265836086167687, 2.224807096831844, 2.224953269841265, 2.2242580336445887, 2.2263080782148834, 2.2248167824583986, 2.2231541230917418, 2.2237934096136485, 2.2238664070227867, 2.2238547659828827, 2.224328859935308, 2.224395179865766, 2.22497493413305, 2.2237649834368516, 2.223932192379811, 2.2251067604107146, 2.22475154808715, 2.2238645102249457], "test_accuracies": [19.587430854333128, 19.587430854333128, 19.587430854333128, 19.587430854333128, 19.587430854333128, 19.587430854333128, 19.587430854333128, 19.587430854333128, 19.587430854333128, 19.587430854333128, 19.587430854333128, 19.587430854333128, 19.587430854333128, 19.587430854333128, 19.587430854333128, 19.587430854333128, 19.587430854333128, 19.587430854333128, 19.587430854333128, 19.587430854333128]}