{"train_losses": [0.0162787698551522, 0.008565799870244918, 0.004536180365740905, 0.003188681029351749, 0.0025963117253020914, 0.002271919785467164, 0.0019677307228964137, 0.001741567778771142, 0.0015721887137824706, 0.001418561412345371, 0.0012656462241231606, 0.0011252001861218213, 0.0010047683227285894, 0.0008959826304343078, 0.0007965776266676789, 0.0007338414614329098, 0.0006687625064414207, 0.0006165022302863346, 0.0005465331367409646, 0.0005157229697598074], "test_losses": [1.6237685303784766, 0.7592303024601482, 0.46056446152811925, 0.4145583479259376, 0.34298757108795036, 0.29683536448651615, 0.2727074796023659, 0.2677296563460919, 0.27343864827780323, 0.2509060474576288, 0.25545421816046865, 0.24915861306779577, 0.2587866580918587, 0.2552866809706638, 0.2532516651235626, 0.2729090008914434, 0.2762125398604212, 0.25422832551146113, 0.27719398268762363, 0.27848970340524776], "test_accuracies": [41.541180086047945, 74.93469575906576, 86.48586355255071, 87.47311001843885, 90.13905961893055, 91.38368162261831, 92.16349108789183, 92.26720958819914, 91.95221266133989, 92.82037492317149, 92.63214505224339, 92.82805777504609, 92.72049784880147, 92.9740319606638, 92.95866625691457, 92.72049784880147, 92.42854947756608, 93.3159188690842, 92.90488629379226, 92.70897357098956]}