{"train_losses": [0.017505814747723336, 0.013224403317311128, 0.006971441547077534, 0.004574905748030919, 0.003569591173649596, 0.0030110367953957128, 0.002685803089662639, 0.0024282791531354308, 0.00217993416124316, 0.0020265942591104033, 0.0018582865499198109, 0.0017329023583633402, 0.001606098836135833, 0.001504569583340141, 0.0013971168301794227, 0.0013197760761318302, 0.0012363657431688755, 0.0011415979445156773, 0.0010594903636531891, 0.0009900561244276917], "test_losses": [2.1771625900971943, 1.3368163152787316, 0.6823743633793115, 0.54373967229917, 0.43294572390583885, 0.3797820202030869, 0.3531306641337765, 0.32224219755373196, 0.33911952843457993, 0.29488939409543197, 0.2897252526544103, 0.25980292790933995, 0.2547687464282054, 0.2601049449008597, 0.2581365060132196, 0.25044913576216365, 0.24690585027974885, 0.23996664280530933, 0.25390620310759354, 0.2297115076811825], "test_accuracies": [19.648893669330054, 51.655654578979714, 78.36508912108175, 83.43577135832821, 87.1120159803319, 88.82913337430854, 89.62046711739397, 90.68454210202827, 90.14290104486786, 91.62185003073141, 91.58727719729563, 92.58988936693301, 92.65903503380454, 92.40165949600491, 92.63982790411801, 92.80116779348494, 93.03549477566072, 93.15073755377996, 92.72049784880147, 93.63859864781807]}