{"train_losses": [0.01614824604883627, 0.007639666268184287, 0.0040084213133953885, 0.0029438640004168866, 0.0024286745484311026, 0.0020937773565710854, 0.0018486770097920083, 0.0016301906412078569, 0.0014585528104164216, 0.001266891309663456, 0.0011238581965038697, 0.0010030057838038057, 0.0008794882899725621, 0.000797903889523889, 0.0007062493449004724, 0.0006285320807899315, 0.0005787528348823202, 0.0005048448018265812, 0.00043360232724981373, 0.00042010499318481133, 0.0003805729532686942, 0.00035589047583912595, 0.000323605706779401, 0.0003184501359737116, 0.000295473329273105, 0.00025939026434293705, 0.00026805421790846687, 0.0002383329223804866, 0.00021015400782585058, 0.00020759231978988998], "test_losses": [1.4866743081907003, 0.666405052367939, 0.4198412862964107, 0.387377233100802, 0.3205908316370162, 0.2959780502553798, 0.2735231337403694, 0.25749993573395696, 0.2554326690481569, 0.23961675394218834, 0.25177262323211874, 0.25407721268009686, 0.252894394516432, 0.2678574185175037, 0.2592704318092876, 0.2703183402147627, 0.2754855850538595, 0.2663267249334203, 0.29331341680750644, 0.31631405366734633, 0.3051795689841319, 0.30038795547391567, 0.3115056687948817, 0.31173045223449447, 0.32702648090158565, 0.3242905241034847, 0.30515910396564205, 0.3443660525068155, 0.34643511956794615, 0.3259387746059462], "test_accuracies": [47.31100184388445, 78.86831591886909, 87.51920712968654, 88.30669944683467, 90.9380762138906, 91.0379532882606, 92.05593116164721, 92.5437922556853, 92.55915795943454, 93.11616472034419, 92.81653349723418, 92.87031346035648, 93.04317762753534, 92.70513214505225, 93.03549477566072, 92.85494775660726, 92.60141364474492, 93.08159188690843, 92.9240934234788, 92.76275353411187, 93.01628764597419, 93.30055316533497, 93.13537185003074, 93.1200061462815, 92.63214505224339, 93.4580516287646, 93.4580516287646, 92.29025814382298, 92.95482483097726, 93.48110018438844]}