{"train_losses": [0.014879884993816664, 0.0064611406682960094, 0.003672037503040333, 0.0027096295132756076, 0.002221359297827834, 0.0018738275142760193, 0.0015424153586199398, 0.001328851736957213, 0.0011273499108921234, 0.0009265336642604204, 0.0007945343249875098, 0.0006481195993537705, 0.0005624567296539845, 0.0004989806436573733, 0.00045280837252996864, 0.00036785878737641677, 0.00032980279498422046, 0.00033789690063384747, 0.00027174969691228033, 0.0002445628004623525, 0.00026042028392576493, 0.0002316892674341059, 0.00018903656659970748, 0.00019098690098424655, 0.0002007624802688711, 0.0001678201206490671, 0.00016836837468760759, 0.00016162655976358276, 0.0001524153002095292, 0.00013852982096255193], "test_losses": [1.2214776492221413, 0.6244883979839566, 0.41307630521355776, 0.3771600066772911, 0.34714876455108884, 0.2864043078103092, 0.3082369826070062, 0.28281192920218234, 0.31393386486782643, 0.29732938712553225, 0.3141899859165222, 0.31971745411896896, 0.3572111229407106, 0.3555916520665596, 0.36070750810357055, 0.40490058132234935, 0.4171707121667938, 0.39379097188845247, 0.4183658284502082, 0.4437560917925234, 0.5176589047901456, 0.4089098287346763, 0.4513324568736165, 0.517864343939783, 0.48936779101933886, 0.462628972405807, 0.46283512549233274, 0.43430055924259087, 0.49856814388563536, 0.4584770976361425], "test_accuracies": [55.29348494161032, 79.51751690227412, 87.26567301782421, 88.2721266133989, 89.75491702519976, 91.64105716041794, 91.18776889981561, 91.94068838352797, 91.40288875230486, 92.30946527350953, 91.91763982790411, 92.04824830977259, 91.74861708666256, 91.31069452980947, 91.36831591886909, 91.64105716041794, 91.82928703134604, 91.53349723417332, 91.49892440073755, 91.58727719729563, 90.5500921942225, 91.4220958819914, 91.26459741856176, 90.5577750460971, 91.31453595574678, 92.0098340503995, 91.70251997541487, 92.02904118008605, 91.56038721573448, 91.79471419791027]}