{"train_losses": [0.017522905510037566, 0.016852274811892564, 0.014903947407707516, 0.01206453183665948, 0.009334357108941205, 0.007953919750506636, 0.007016064418300012, 0.006285621450540239, 0.005732520070424161, 0.005381972445481819, 0.005062875516428604, 0.004848065110401265, 0.004603279096718943, 0.004470028367937477, 0.004285963557072015, 0.004162805678469951, 0.004015607218312965, 0.003925731879076573, 0.0038551185260506456, 0.0037871018060847738, 0.003692844536887787, 0.003583782025412113, 0.003551708753609821, 0.003485529184478122, 0.0034467475204390187, 0.0034188932545972006, 0.0033207821721033576, 0.0032846721420287175, 0.003215838835093509, 0.0032182050215950136], "test_losses": [2.236652266415043, 2.4112516355133526, 2.4427238844183963, 2.020541481247839, 1.8258969073069924, 1.674499685220654, 1.5470914154896798, 1.442397196745682, 1.337287269784544, 1.1927994515314084, 1.1343206676443296, 1.1063904694860232, 1.000045098771914, 0.9950300649257254, 0.9387059261554139, 0.8940568184222484, 0.8738203289029638, 0.8745058067898553, 0.8432591127045109, 0.7841377082454257, 0.8104551241452077, 0.7599878199787761, 0.739697846152992, 0.7372688054305758, 0.6826230724970109, 0.7045270747470211, 0.6870325811816346, 0.685735982696777, 0.6775614498726927, 0.6290712303813426], "test_accuracies": [19.587430854333128, 15.972649047326367, 16.164720344191764, 25.695298094652735, 33.62784265519361, 38.137676705593115, 43.62707437000615, 49.85786724031961, 56.02335586969883, 64.85863552550707, 69.39920098340504, 71.0740626920713, 76.91687154271666, 77.54686539643515, 78.47264904732637, 81.0579287031346, 81.32682851874615, 81.14628149969269, 82.98248309772588, 85.07606023355869, 85.26429010448679, 85.10295021511985, 85.79056545789797, 85.89812538414259, 87.99554394591273, 87.62292562999386, 87.4577443146896, 87.04671173939767, 88.41425937307929, 88.74846342962508]}