{"train_losses": [0.016754909525834475, 0.010229211952996241, 0.005484266080533732, 0.004001089639414854, 0.003374197880540952, 0.002980677817600981, 0.0027271997560529763, 0.002497135259109664, 0.0023261157046655526, 0.002214187445854323, 0.002089743611808751, 0.0019882010980434277, 0.00188344895914139, 0.001789531344966764, 0.0017302648084887835, 0.0016646022678702235, 0.0015893738167076033, 0.0015260353958519498, 0.00147748711387401, 0.0014495614946648456, 0.0013657560787159009, 0.0013577455934504514, 0.0012813012945326065, 0.0012440235872992619, 0.0011872188825760475, 0.0011738759035444613, 0.001119126684303945, 0.0010946875742623412, 0.001061167704761179, 0.0010307684183460013], "test_losses": [1.9284302653457464, 1.0491305364738892, 0.6864353665268047, 0.6361180793748139, 0.523398440383883, 0.4460681435808347, 0.4197836502534741, 0.38130684285788136, 0.38108073294932077, 0.3508773210521996, 0.31102493898078715, 0.3207682420230014, 0.298313470288296, 0.29165417267342764, 0.28339129865865587, 0.25861076555445506, 0.2722385235923012, 0.2530303209488862, 0.24972147229410932, 0.23566762816341802, 0.229733864222118, 0.22957385238431754, 0.2293837552577642, 0.2141319886262093, 0.2288805367247635, 0.20975084867518448, 0.21630791615472664, 0.22760411018085538, 0.20758629372754417, 0.20277760464059258], "test_accuracies": [33.466502765826675, 70.10218192993239, 83.64704978488015, 84.67655193607867, 87.37323294406883, 89.45912722802704, 90.07759680393362, 91.0840503995083, 91.33758451137062, 91.4220958819914, 92.32867240319607, 92.16733251382914, 92.87031346035648, 92.66287645974185, 92.78964351567302, 93.43116164720344, 93.49646588813768, 93.49262446220037, 93.24677320221267, 93.88060848186846, 94.05347264904732, 93.93822987092808, 93.48494161032575, 94.35694529809466, 93.76920712968654, 94.31853103872157, 93.95359557467732, 93.81530424093424, 94.21481253841426, 94.24554394591273]}